START DATE,START TIME,START TIME ET,SUBJECT,LOCATION,DESCRIPTION,END DATE,END DATE ET,END TIME,END TIME ET,REMINDER OFF,REMINDER ON,REMINDER DATE,REMINDER TIME,REMINDER TIME ET,SHOWTIMEAS FREE,SHOWTIMEAS BUSY
04/01/21,01:20 PM,02:20 PM,Pirates at Cubs,Wrigley Field - Chicago,"Local TV: Marquee Sports Network ----- Local Radio: 670 The Score- TUDN WRTO 1200",04/01/21,04/01/21,04:20 PM,05:20 PM,FALSE,TRUE,04/01/21,12:20 PM,01:20 PM,FREE,BUSY
04/03/21,01:20 PM,02:20 PM,Pirates at Cubs,Wrigley Field - Chicago,"Local TV: Marquee Sports Network ----- Local Radio: 670 The Score- TUDN WRTO 1200",04/03/21,04/03/21,04:20 PM,05:20 PM,FALSE,TRUE,04/03/21,12:20 PM,01:20 PM,FREE,BUSY
04/04/21,01:20 PM,02:20 PM,Pirates at Cubs,Wrigley Field - Chicago,"Local TV: Marquee Sports Network ----- Local Radio: 670 The Score- TUDN WRTO 1200",04/04/21,04/04/21,04:20 PM,05:20 PM,FALSE,TRUE,04/04/21,12:20 PM,01:20 PM,FREE,BUSY
04/05/21,06:40 PM,07:40 PM,Brewers at Cubs,Wrigley Field - Chicago,"Local TV: Marquee Sports Network ----- Local Radio: 670 The Score- TUDN WRTO 1200",04/05/21,04/05/21,09:40 PM,10:40 PM,FALSE,TRUE,04/05/21,05:40 PM,06:40 PM,FREE,BUSY
04/06/21,06:40 PM,07:40 PM,Brewers at Cubs,Wrigley Field - Chicago,"Local TV: Marquee Sports Network ----- Local Radio: 670 The Score",04/06/21,04/06/21,09:40 PM,10:40 PM,FALSE,TRUE,04/06/21,05:40 PM,06:40 PM,FREE,BUSY
04/07/21,01:20 PM,02:20 PM,Brewers at Cubs,Wrigley Field - Chicago,"Local TV: Marquee Sports Network ----- Local Radio: 670 The Score- TUDN WRTO 1200",04/07/21,04/07/21,04:20 PM,05:20 PM,FALSE,TRUE,04/07/21,12:20 PM,01:20 PM,FREE,BUSY
04/16/21,01:20 PM,02:20 PM,Braves at Cubs,Wrigley Field - Chicago,"Local TV: Marquee Sports Network- MLBN (out-of-market only) ----- Local Radio: 670 The Score- TUDN WRTO 1200",04/16/21,04/16/21,04:20 PM,05:20 PM,FALSE,TRUE,04/16/21,12:20 PM,01:20 PM,FREE,BUSY
04/17/21,01:20 PM,02:20 PM,Braves at Cubs,Wrigley Field - Chicago,"Local TV: Marquee Sports Network ----- Local Radio: 670 The Score- TUDN WRTO 1200",04/17/21,04/17/21,04:20 PM,05:20 PM,FALSE,TRUE,04/17/21,12:20 PM,01:20 PM,FREE,BUSY
04/18/21,06:08 PM,07:08 PM,Braves at Cubs,Wrigley Field - Chicago,"Local TV: ESPN ----- Local Radio: 670 The Score- TUDN WRTO 1200",04/18/21,04/18/21,09:08 PM,10:08 PM,FALSE,TRUE,04/18/21,05:08 PM,06:08 PM,FREE,BUSY
04/20/21,06:40 PM,07:40 PM,Mets at Cubs,Wrigley Field - Chicago,"Local TV: Marquee Sports Network- ESPN ----- Local Radio: 670 The Score- TUDN WRTO 1200",04/20/21,04/20/21,09:40 PM,10:40 PM,FALSE,TRUE,04/20/21,05:40 PM,06:40 PM,FREE,BUSY
04/21/21,06:40 PM,07:40 PM,Mets at Cubs,Wrigley Field - Chicago,"Local TV: Marquee Sports Network ----- Local Radio: 670 The Score",04/21/21,04/21/21,09:40 PM,10:40 PM,FALSE,TRUE,04/21/21,05:40 PM,06:40 PM,FREE,BUSY
04/22/21,06:40 PM,07:40 PM,Mets at Cubs,Wrigley Field - Chicago,"Local TV: Marquee Sports Network ----- Local Radio: 670 The Score- TUDN WRTO 1200",04/22/21,04/22/21,09:40 PM,10:40 PM,FALSE,TRUE,04/22/21,05:40 PM,06:40 PM,FREE,BUSY
04/23/21,01:20 PM,02:20 PM,Brewers at Cubs,Wrigley Field - Chicago,"Local TV: Marquee Sports Network- MLBN (out-of-market only) ----- Local Radio: 670 The Score- TUDN WRTO 1200",04/23/21,04/23/21,04:20 PM,05:20 PM,FALSE,TRUE,04/23/21,12:20 PM,01:20 PM,FREE,BUSY
04/24/21,01:20 PM,02:20 PM,Brewers at Cubs,Wrigley Field - Chicago,"Local TV: Marquee Sports Network ----- Local Radio: 670 The Score- TUDN WRTO 1200",04/24/21,04/24/21,04:20 PM,05:20 PM,FALSE,TRUE,04/24/21,12:20 PM,01:20 PM,FREE,BUSY
04/25/21,01:20 PM,02:20 PM,Brewers at Cubs,Wrigley Field - Chicago,"Local TV: Marquee Sports Network ----- Local Radio: 670 The Score",04/25/21,04/25/21,04:20 PM,05:20 PM,FALSE,TRUE,04/25/21,12:20 PM,01:20 PM,FREE,BUSY
05/04/21,01:20 PM,02:20 PM,Dodgers at Cubs,Wrigley Field - Chicago,"Local TV: Marquee Sports Network- MLBN (out-of-market only) ----- Local Radio: 670 The Score- TUDN WRTO 1200",05/04/21,05/04/21,04:20 PM,05:20 PM,FALSE,TRUE,05/04/21,12:20 PM,01:20 PM,FREE,BUSY
05/04/21,06:40 PM,07:40 PM,Dodgers at Cubs,Wrigley Field - Chicago,"Local TV: Marquee Sports Network ----- Local Radio: 670 The Score- TUDN WRTO 1200",05/04/21,05/04/21,09:40 PM,10:40 PM,FALSE,TRUE,05/04/21,05:40 PM,06:40 PM,FREE,BUSY
05/05/21,06:40 PM,07:40 PM,Dodgers at Cubs,Wrigley Field - Chicago,"Local TV: Marquee Sports Network- ESPN ----- Local Radio: 670 The Score- TUDN WRTO 1200",05/05/21,05/05/21,09:40 PM,10:40 PM,FALSE,TRUE,05/05/21,05:40 PM,06:40 PM,FREE,BUSY
05/07/21,01:20 PM,02:20 PM,Pirates at Cubs,Wrigley Field - Chicago,"Local TV: Marquee Sports Network- MLBN (out-of-market only) ----- Local Radio: 670 The Score- TUDN WRTO 1200",05/07/21,05/07/21,04:20 PM,05:20 PM,FALSE,TRUE,05/07/21,12:20 PM,01:20 PM,FREE,BUSY
05/08/21,01:20 PM,02:20 PM,Pirates at Cubs,Wrigley Field - Chicago,"Local TV: Marquee Sports Network ----- Local Radio: 670 The Score- TUDN WRTO 1200",05/08/21,05/08/21,04:20 PM,05:20 PM,FALSE,TRUE,05/08/21,12:20 PM,01:20 PM,FREE,BUSY
05/09/21,01:20 PM,02:20 PM,Pirates at Cubs,Wrigley Field - Chicago,"Local TV: Marquee Sports Network ----- Local Radio: 670 The Score- TUDN WRTO 1200",05/09/21,05/09/21,04:20 PM,05:20 PM,FALSE,TRUE,05/09/21,12:20 PM,01:20 PM,FREE,BUSY
05/17/21,06:40 PM,07:40 PM,Nationals at Cubs,Wrigley Field - Chicago,"Local TV: Marquee Sports Network ----- Local Radio: 670 The Score- TUDN WRTO 1200",05/17/21,05/17/21,09:40 PM,10:40 PM,FALSE,TRUE,05/17/21,05:40 PM,06:40 PM,FREE,BUSY
05/18/21,06:40 PM,07:40 PM,Nationals at Cubs,Wrigley Field - Chicago,"Local TV: Marquee Sports Network ----- Local Radio: 670 The Score- TUDN WRTO 1200",05/18/21,05/18/21,09:40 PM,10:40 PM,FALSE,TRUE,05/18/21,05:40 PM,06:40 PM,FREE,BUSY
05/19/21,06:40 PM,07:40 PM,Nationals at Cubs,Wrigley Field - Chicago,"Local TV: Marquee Sports Network- MLBN (out-of-market only) ----- Local Radio: 670 The Score- TUDN WRTO 1200",05/19/21,05/19/21,09:40 PM,10:40 PM,FALSE,TRUE,05/19/21,05:40 PM,06:40 PM,FREE,BUSY
05/20/21,01:20 PM,02:20 PM,Nationals at Cubs,Wrigley Field - Chicago,"Local TV: Marquee Sports Network- MLBN (out-of-market only) ----- Local Radio: 670 The Score- TUDN WRTO 1200",05/20/21,05/20/21,04:20 PM,05:20 PM,FALSE,TRUE,05/20/21,12:20 PM,01:20 PM,FREE,BUSY
05/28/21,01:20 PM,02:20 PM,Reds at Cubs,Wrigley Field - Chicago,"Local TV: Marquee Sports Network- MLBN (out-of-market only) ----- Local Radio: 670 The Score- TUDN WRTO 1200",05/28/21,05/28/21,04:20 PM,05:20 PM,FALSE,TRUE,05/28/21,12:20 PM,01:20 PM,FREE,BUSY
05/29/21,01:20 PM,02:20 PM,Reds at Cubs,Wrigley Field - Chicago,"Local TV: Marquee Sports Network ----- Local Radio: 670 The Score",05/29/21,05/29/21,04:20 PM,05:20 PM,FALSE,TRUE,05/29/21,12:20 PM,01:20 PM,FREE,BUSY
05/30/21,01:20 PM,02:20 PM,Reds at Cubs,Wrigley Field - Chicago,"Local TV: Marquee Sports Network ----- Local Radio: 670 The Score",05/30/21,05/30/21,04:20 PM,05:20 PM,FALSE,TRUE,05/30/21,12:20 PM,01:20 PM,FREE,BUSY
05/31/21,01:20 PM,02:20 PM,Padres at Cubs,Wrigley Field - Chicago,"Local TV: Marquee Sports Network ----- Local Radio: 670 The Score- TUDN WRTO 1200",05/31/21,05/31/21,04:20 PM,05:20 PM,FALSE,TRUE,05/31/21,12:20 PM,01:20 PM,FREE,BUSY
06/01/21,07:05 PM,08:05 PM,Padres at Cubs,Wrigley Field - Chicago,"Local TV: Marquee Sports Network ----- Local Radio: 670 The Score- TUDN WRTO 1200",06/01/21,06/01/21,10:05 PM,11:05 PM,FALSE,TRUE,06/01/21,06:05 PM,07:05 PM,FREE,BUSY
06/02/21,01:20 PM,02:20 PM,Padres at Cubs,Wrigley Field - Chicago,"Local TV: Marquee Sports Network ----- Local Radio: 670 The Score- TUDN WRTO 1200",06/02/21,06/02/21,04:20 PM,05:20 PM,FALSE,TRUE,06/02/21,12:20 PM,01:20 PM,FREE,BUSY
06/11/21,01:20 PM,02:20 PM,Cardinals at Cubs,Wrigley Field - Chicago,"Local TV: Marquee Sports Network- MLBN (out-of-market only) ----- Local Radio: 670 The Score- TUDN WRTO 1200",06/11/21,06/11/21,04:20 PM,05:20 PM,FALSE,TRUE,06/11/21,12:20 PM,01:20 PM,FREE,BUSY
06/12/21,06:15 PM,07:15 PM,Cardinals at Cubs,Wrigley Field - Chicago,"Local TV: FOX ----- Local Radio: 670 The Score- TUDN WRTO 1200",06/12/21,06/12/21,09:15 PM,10:15 PM,FALSE,TRUE,06/12/21,05:15 PM,06:15 PM,FREE,BUSY
06/13/21,06:08 PM,07:08 PM,Cardinals at Cubs,Wrigley Field - Chicago,"Local TV: ESPN ----- Local Radio: 670 The Score- TUDN WRTO 1200",06/13/21,06/13/21,09:08 PM,10:08 PM,FALSE,TRUE,06/13/21,05:08 PM,06:08 PM,FREE,BUSY
06/18/21,07:05 PM,08:05 PM,Marlins at Cubs,Wrigley Field - Chicago,"Local TV: Marquee Sports Network- MLBN (out-of-market only) ----- Local Radio: 670 The Score- TUDN WRTO 1200",06/18/21,06/18/21,10:05 PM,11:05 PM,FALSE,TRUE,06/18/21,06:05 PM,07:05 PM,FREE,BUSY
06/19/21,01:20 PM,02:20 PM,Marlins at Cubs,Wrigley Field - Chicago,"Local TV: Marquee Sports Network ----- Local Radio: 670 The Score- TUDN WRTO 1200",06/19/21,06/19/21,04:20 PM,05:20 PM,FALSE,TRUE,06/19/21,12:20 PM,01:20 PM,FREE,BUSY
06/20/21,01:20 PM,02:20 PM,Marlins at Cubs,Wrigley Field - Chicago,"Local TV: Marquee Sports Network ----- Local Radio: 670 The Score- TUDN WRTO 1200",06/20/21,06/20/21,04:20 PM,05:20 PM,FALSE,TRUE,06/20/21,12:20 PM,01:20 PM,FREE,BUSY
06/21/21,07:05 PM,08:05 PM,Indians at Cubs,Wrigley Field - Chicago,"Local TV: Marquee Sports Network ----- Local Radio: 670 The Score- TUDN WRTO 1200",06/21/21,06/21/21,10:05 PM,11:05 PM,FALSE,TRUE,06/21/21,06:05 PM,07:05 PM,FREE,BUSY
06/22/21,07:05 PM,08:05 PM,Indians at Cubs,Wrigley Field - Chicago,"Local TV: Marquee Sports Network ----- Local Radio: 670 The Score- TUDN WRTO 1200",06/22/21,06/22/21,10:05 PM,11:05 PM,FALSE,TRUE,06/22/21,06:05 PM,07:05 PM,FREE,BUSY
07/05/21,07:05 PM,08:05 PM,Phillies at Cubs,Wrigley Field - Chicago,"Local TV: Marquee Sports Network ----- Local Radio: 670 The Score- TUDN WRTO 1200",07/05/21,07/05/21,10:05 PM,11:05 PM,FALSE,TRUE,07/05/21,06:05 PM,07:05 PM,FREE,BUSY
07/06/21,07:05 PM,08:05 PM,Phillies at Cubs,Wrigley Field - Chicago,"Local TV: Marquee Sports Network ----- Local Radio: 670 The Score- TUDN WRTO 1200",07/06/21,07/06/21,10:05 PM,11:05 PM,FALSE,TRUE,07/06/21,06:05 PM,07:05 PM,FREE,BUSY
07/07/21,07:05 PM,08:05 PM,Phillies at Cubs,Wrigley Field - Chicago,"Local TV: Marquee Sports Network ----- Local Radio: 670 The Score- TUDN WRTO 1200",07/07/21,07/07/21,10:05 PM,11:05 PM,FALSE,TRUE,07/07/21,06:05 PM,07:05 PM,FREE,BUSY
07/08/21,07:05 PM,08:05 PM,Phillies at Cubs,Wrigley Field - Chicago,"Local TV: Marquee Sports Network- ESPN (out-of-market only) ----- Local Radio: 670 The Score- TUDN WRTO 1200",07/08/21,07/08/21,10:05 PM,11:05 PM,FALSE,TRUE,07/08/21,06:05 PM,07:05 PM,FREE,BUSY
07/09/21,01:20 PM,02:20 PM,Cardinals at Cubs,Wrigley Field - Chicago,"Local TV: Marquee Sports Network- MLBN (out-of-market only) ----- Local Radio: 670 The Score- TUDN WRTO 1200",07/09/21,07/09/21,04:20 PM,05:20 PM,FALSE,TRUE,07/09/21,12:20 PM,01:20 PM,FREE,BUSY
07/10/21,06:15 PM,07:15 PM,Cardinals at Cubs,Wrigley Field - Chicago,"Local TV: FOX ----- Local Radio: 670 The Score- TUDN WRTO 1200",07/10/21,07/10/21,09:15 PM,10:15 PM,FALSE,TRUE,07/10/21,05:15 PM,06:15 PM,FREE,BUSY
07/23/21,01:20 PM,02:20 PM,D-backs at Cubs,Wrigley Field - Chicago,"Local TV: Marquee Sports Network- MLBN (out-of-market only) ----- Local Radio: 670 The Score- TUDN WRTO 1200",07/23/21,07/23/21,04:20 PM,05:20 PM,FALSE,TRUE,07/23/21,12:20 PM,01:20 PM,FREE,BUSY
07/24/21,01:20 PM,02:20 PM,D-backs at Cubs,Wrigley Field - Chicago,"Local TV: Marquee Sports Network- MLBN (out-of-market only) ----- Local Radio: 670 The Score- TUDN WRTO 1200",07/24/21,07/24/21,04:20 PM,05:20 PM,FALSE,TRUE,07/24/21,12:20 PM,01:20 PM,FREE,BUSY
07/25/21,01:20 PM,02:20 PM,D-backs at Cubs,Wrigley Field - Chicago,"Local TV: Marquee Sports Network ----- Local Radio: 670 The Score- TUDN WRTO 1200",07/25/21,07/25/21,04:20 PM,05:20 PM,FALSE,TRUE,07/25/21,12:20 PM,01:20 PM,FREE,BUSY
07/26/21,07:05 PM,08:05 PM,Reds at Cubs,Wrigley Field - Chicago,"Local TV: Marquee Sports Network ----- Local Radio: 670 The Score- TUDN WRTO 1200",07/26/21,07/26/21,10:05 PM,11:05 PM,FALSE,TRUE,07/26/21,06:05 PM,07:05 PM,FREE,BUSY
07/27/21,07:05 PM,08:05 PM,Reds at Cubs,Wrigley Field - Chicago,"Local TV: Marquee Sports Network ----- Local Radio: 670 The Score- TUDN WRTO 1200",07/27/21,07/27/21,10:05 PM,11:05 PM,FALSE,TRUE,07/27/21,06:05 PM,07:05 PM,FREE,BUSY
07/28/21,07:05 PM,08:05 PM,Reds at Cubs,Wrigley Field - Chicago,"Local TV: Marquee Sports Network ----- Local Radio: 670 The Score- TUDN WRTO 1200",07/28/21,07/28/21,10:05 PM,11:05 PM,FALSE,TRUE,07/28/21,06:05 PM,07:05 PM,FREE,BUSY
07/29/21,01:20 PM,02:20 PM,Reds at Cubs,Wrigley Field - Chicago,"Local TV: Marquee Sports Network ----- Local Radio: 670 The Score- TUDN WRTO 1200",07/29/21,07/29/21,04:20 PM,05:20 PM,FALSE,TRUE,07/29/21,12:20 PM,01:20 PM,FREE,BUSY
08/06/21,01:20 PM,02:20 PM,White Sox at Cubs,Wrigley Field - Chicago,"Local TV: Marquee Sports Network- MLBN (out-of-market only) ----- Local Radio: 670 The Score- TUDN WRTO 1200",08/06/21,08/06/21,04:20 PM,05:20 PM,FALSE,TRUE,08/06/21,12:20 PM,01:20 PM,FREE,BUSY
08/07/21,01:20 PM,02:20 PM,White Sox at Cubs,Wrigley Field - Chicago,"Local TV: Marquee Sports Network ----- Local Radio: 670 The Score- TUDN WRTO 1200",08/07/21,08/07/21,04:20 PM,05:20 PM,FALSE,TRUE,08/07/21,12:20 PM,01:20 PM,FREE,BUSY
08/08/21,06:09 PM,07:09 PM,White Sox at Cubs,Wrigley Field - Chicago,"Local TV: ABC ----- Local Radio: 670 The Score- TUDN WRTO 1200",08/08/21,08/08/21,09:09 PM,10:09 PM,FALSE,TRUE,08/08/21,05:09 PM,06:09 PM,FREE,BUSY
08/10/21,01:20 PM,02:20 PM,Brewers at Cubs,Wrigley Field - Chicago,"Local TV: Marquee Sports Network ----- Local Radio: 670 The Score- TUDN WRTO 1200",08/10/21,08/10/21,04:20 PM,05:20 PM,FALSE,TRUE,08/10/21,12:20 PM,01:20 PM,FREE,BUSY
08/10/21,07:05 PM,08:05 PM,Brewers at Cubs,Wrigley Field - Chicago,"Local TV: Marquee Sports Network- MLBN (out-of-market only) ----- Local Radio: 670 The Score- TUDN WRTO 1200",08/10/21,08/10/21,10:05 PM,11:05 PM,FALSE,TRUE,08/10/21,06:05 PM,07:05 PM,FREE,BUSY
08/11/21,07:05 PM,08:05 PM,Brewers at Cubs,Wrigley Field - Chicago,"Local TV: Marquee Sports Network ----- Local Radio: 670 The Score- TUDN WRTO 1200",08/11/21,08/11/21,10:05 PM,11:05 PM,FALSE,TRUE,08/11/21,06:05 PM,07:05 PM,FREE,BUSY
08/12/21,01:20 PM,02:20 PM,Brewers at Cubs,Wrigley Field - Chicago,"Local TV: Marquee Sports Network ----- Local Radio: 670 The Score- TUDN WRTO 1200",08/12/21,08/12/21,04:20 PM,05:20 PM,FALSE,TRUE,08/12/21,12:20 PM,01:20 PM,FREE,BUSY
08/20/21,01:20 PM,02:20 PM,Royals at Cubs,Wrigley Field - Chicago,"Local TV: Marquee Sports Network- MLBN (out-of-market only) ----- Local Radio: 670 The Score- TUDN WRTO 1200",08/20/21,08/20/21,04:20 PM,05:20 PM,FALSE,TRUE,08/20/21,12:20 PM,01:20 PM,FREE,BUSY
08/21/21,01:20 PM,02:20 PM,Royals at Cubs,Wrigley Field - Chicago,"Local TV: Marquee Sports Network ----- Local Radio: 670 The Score- TUDN WRTO 1200",08/21/21,08/21/21,04:20 PM,05:20 PM,FALSE,TRUE,08/21/21,12:20 PM,01:20 PM,FREE,BUSY
08/22/21,01:20 PM,02:20 PM,Royals at Cubs,Wrigley Field - Chicago,"Local TV: Marquee Sports Network ----- Local Radio: 670 The Score- TUDN WRTO 1200",08/22/21,08/22/21,04:20 PM,05:20 PM,FALSE,TRUE,08/22/21,12:20 PM,01:20 PM,FREE,BUSY
08/23/21,07:05 PM,08:05 PM,Rockies at Cubs,Wrigley Field - Chicago,"Local TV: Marquee Sports Network ----- Local Radio: 670 The Score- TUDN WRTO 1200",08/23/21,08/23/21,10:05 PM,11:05 PM,FALSE,TRUE,08/23/21,06:05 PM,07:05 PM,FREE,BUSY
08/25/21,01:20 PM,02:20 PM,Rockies at Cubs,Wrigley Field - Chicago,"Local TV: Marquee Sports Network ----- Local Radio: 670 The Score- TUDN WRTO 1200",08/25/21,08/25/21,04:20 PM,05:20 PM,FALSE,TRUE,08/25/21,12:20 PM,01:20 PM,FREE,BUSY
08/25/21,05:30 PM,06:30 PM,Rockies at Cubs,Wrigley Field - Chicago,"Local TV: Marquee Sports Network ----- Local Radio: 670 The Score- TUDN WRTO 1200",08/25/21,08/25/21,08:30 PM,09:30 PM,FALSE,TRUE,08/25/21,04:30 PM,05:30 PM,FREE,BUSY
09/02/21,07:05 PM,08:05 PM,Pirates at Cubs,Wrigley Field - Chicago,"Local TV: Marquee Sports Network ----- Local Radio: 670 The Score- TUDN WRTO 1200",09/02/21,09/02/21,10:05 PM,11:05 PM,FALSE,TRUE,09/02/21,06:05 PM,07:05 PM,FREE,BUSY
09/03/21,01:20 PM,02:20 PM,Pirates at Cubs,Wrigley Field - Chicago,"Local TV: Marquee Sports Network- MLBN (out-of-market only) ----- Local Radio: 670 The Score- TUDN WRTO 1200",09/03/21,09/03/21,04:20 PM,05:20 PM,FALSE,TRUE,09/03/21,12:20 PM,01:20 PM,FREE,BUSY
09/04/21,01:20 PM,02:20 PM,Pirates at Cubs,Wrigley Field - Chicago,"Local TV: Marquee Sports Network ----- Local Radio: 670 The Score- TUDN WRTO 1200",09/04/21,09/04/21,04:20 PM,05:20 PM,FALSE,TRUE,09/04/21,12:20 PM,01:20 PM,FREE,BUSY
09/05/21,01:20 PM,02:20 PM,Pirates at Cubs,Wrigley Field - Chicago,"Local TV: Marquee Sports Network ----- Local Radio: 670 The Score- TUDN WRTO 1200",09/05/21,09/05/21,04:20 PM,05:20 PM,FALSE,TRUE,09/05/21,12:20 PM,01:20 PM,FREE,BUSY
09/06/21,01:20 PM,02:20 PM,Reds at Cubs,Wrigley Field - Chicago,"Local TV: Marquee Sports Network ----- Local Radio: 670 The Score- TUDN WRTO 1200",09/06/21,09/06/21,04:20 PM,05:20 PM,FALSE,TRUE,09/06/21,12:20 PM,01:20 PM,FREE,BUSY
09/07/21,06:40 PM,07:40 PM,Reds at Cubs,Wrigley Field - Chicago,"Local TV: Marquee Sports Network ----- Local Radio: 670 The Score- TUDN WRTO 1200",09/07/21,09/07/21,09:40 PM,10:40 PM,FALSE,TRUE,09/07/21,05:40 PM,06:40 PM,FREE,BUSY
09/08/21,06:40 PM,07:40 PM,Reds at Cubs,Wrigley Field - Chicago,"Local TV: Marquee Sports Network ----- Local Radio: 670 The Score- TUDN WRTO 1200",09/08/21,09/08/21,09:40 PM,10:40 PM,FALSE,TRUE,09/08/21,05:40 PM,06:40 PM,FREE,BUSY
09/10/21,01:20 PM,02:20 PM,Giants at Cubs,Wrigley Field - Chicago,"Local TV: Marquee Sports Network- MLBN (out-of-market only) ----- Local Radio: 670 The Score- TUDN WRTO 1200",09/10/21,09/10/21,04:20 PM,05:20 PM,FALSE,TRUE,09/10/21,12:20 PM,01:20 PM,FREE,BUSY
09/11/21,01:20 PM,02:20 PM,Giants at Cubs,Wrigley Field - Chicago,"Local TV: Marquee Sports Network- MLBN (out-of-market only) ----- Local Radio: 670 The Score- TUDN WRTO 1200",09/11/21,09/11/21,04:20 PM,05:20 PM,FALSE,TRUE,09/11/21,12:20 PM,01:20 PM,FREE,BUSY
09/12/21,01:20 PM,02:20 PM,Giants at Cubs,Wrigley Field - Chicago,"Local TV: Marquee Sports Network ----- Local Radio: 670 The Score",09/12/21,09/12/21,04:20 PM,05:20 PM,FALSE,TRUE,09/12/21,12:20 PM,01:20 PM,FREE,BUSY
09/21/21,06:40 PM,07:40 PM,Twins at Cubs,Wrigley Field - Chicago,"Local TV: Marquee Sports Network ----- Local Radio: 670 The Score- TUDN WRTO 1200",09/21/21,09/21/21,09:40 PM,10:40 PM,FALSE,TRUE,09/21/21,05:40 PM,06:40 PM,FREE,BUSY
09/22/21,06:40 PM,07:40 PM,Twins at Cubs,Wrigley Field - Chicago,"Local TV: Marquee Sports Network ----- Local Radio: 670 The Score- TUDN WRTO 1200",09/22/21,09/22/21,09:40 PM,10:40 PM,FALSE,TRUE,09/22/21,05:40 PM,06:40 PM,FREE,BUSY
09/24/21,01:20 PM,02:20 PM,Cardinals at Cubs,Wrigley Field - Chicago,"Local TV: Marquee Sports Network- ESPN (out-of-market only) ----- Local Radio: 670 The Score- TUDN WRTO 1200",09/24/21,09/24/21,04:20 PM,05:20 PM,FALSE,TRUE,09/24/21,12:20 PM,01:20 PM,FREE,BUSY
09/24/21,07:05 PM,08:05 PM,Cardinals at Cubs,Wrigley Field - Chicago,"Local TV: Marquee Sports Network ----- Local Radio: 670 The Score- TUDN WRTO 1200",09/24/21,09/24/21,10:05 PM,11:05 PM,FALSE,TRUE,09/24/21,06:05 PM,07:05 PM,FREE,BUSY
09/25/21,01:20 PM,02:20 PM,Cardinals at Cubs,Wrigley Field - Chicago,"Local TV: Marquee Sports Network ----- Local Radio: 670 The Score- TUDN WRTO 1200",09/25/21,09/25/21,04:20 PM,05:20 PM,FALSE,TRUE,09/25/21,12:20 PM,01:20 PM,FREE,BUSY
09/26/21,01:20 PM,02:20 PM,Cardinals at Cubs,Wrigley Field - Chicago,"Local TV: Marquee Sports Network ----- Local Radio: 670 The Score- TUDN WRTO 1200",09/26/21,09/26/21,04:20 PM,05:20 PM,FALSE,TRUE,09/26/21,12:20 PM,01:20 PM,FREE,BUSY
03/17/22,01:05 PM,04:05 PM,White Sox at Cubs,Sloan Park - Mesa,"Local TV: Marquee Sports Network- MLBN",03/17/22,03/17/22,04:05 PM,07:05 PM,FALSE,TRUE,03/17/22,12:05 PM,03:05 PM,FREE,BUSY
03/19/22,01:05 PM,04:05 PM,Padres at Cubs,Sloan Park - Mesa,"Local TV: Marquee Sports Network ----- Local Radio: 670 The Score",03/19/22,03/19/22,04:05 PM,07:05 PM,FALSE,TRUE,03/19/22,12:05 PM,03:05 PM,FREE,BUSY
03/21/22,01:05 PM,04:05 PM,Reds at Cubs,Sloan Park - Mesa,"Local TV: Marquee Sports Network",03/21/22,03/21/22,04:05 PM,07:05 PM,FALSE,TRUE,03/21/22,12:05 PM,03:05 PM,FREE,BUSY
03/23/22,01:05 PM,04:05 PM,Athletics at Cubs,Sloan Park - Mesa,"Local TV: Marquee Sports Network",03/23/22,03/23/22,04:05 PM,07:05 PM,FALSE,TRUE,03/23/22,12:05 PM,03:05 PM,FREE,BUSY
03/25/22,01:05 PM,04:05 PM,Rockies at Cubs,Sloan Park - Mesa,"Local TV: Marquee Sports Network",03/25/22,03/25/22,04:05 PM,07:05 PM,FALSE,TRUE,03/25/22,12:05 PM,03:05 PM,FREE,BUSY
03/27/22,01:05 PM,04:05 PM,Royals at Cubs,Sloan Park - Mesa,"Local TV: Marquee Sports Network ----- Local Radio: 670 The Score",03/27/22,03/27/22,04:05 PM,07:05 PM,FALSE,TRUE,03/27/22,12:05 PM,03:05 PM,FREE,BUSY
03/29/22,01:05 PM,04:05 PM,D-backs at Cubs,Sloan Park - Mesa,"Local TV: Marquee Sports Network",03/29/22,03/29/22,04:05 PM,07:05 PM,FALSE,TRUE,03/29/22,12:05 PM,03:05 PM,FREE,BUSY
03/30/22,01:05 PM,04:05 PM,Mariners at Cubs,Sloan Park - Mesa,"Local TV: Marquee Sports Network ----- Local Radio: 670 The Score",03/30/22,03/30/22,04:05 PM,07:05 PM,FALSE,TRUE,03/30/22,12:05 PM,03:05 PM,FREE,BUSY
04/02/22,12:05 PM,03:05 PM,Angels at Cubs,Sloan Park - Mesa,"Local TV: Marquee Sports Network ----- Local Radio: 670 The Score",04/02/22,04/02/22,03:05 PM,06:05 PM,FALSE,TRUE,04/02/22,11:05 AM,02:05 PM,FREE,BUSY
04/04/22,01:05 PM,04:05 PM,White Sox at Cubs,Sloan Park - Mesa,"Local TV: Marquee Sports Network ----- Local Radio: 670 The Score",04/04/22,04/04/22,04:05 PM,07:05 PM,FALSE,TRUE,04/04/22,12:05 PM,03:05 PM,FREE,BUSY
04/07/22,01:20 PM,02:20 PM,Brewers at Cubs,Wrigley Field - Chicago,"Local TV: Marquee Sports Network- MLBN ----- Local Radio: 670 The Score- TUDN WRTO 1200",04/07/22,04/07/22,04:20 PM,05:20 PM,FALSE,TRUE,04/07/22,12:20 PM,01:20 PM,FREE,BUSY
04/09/22,01:20 PM,02:20 PM,Brewers at Cubs,Wrigley Field - Chicago,"Local TV: Marquee Sports Network ----- Local Radio: TUDN WRTO 1200- 670 The Score",04/09/22,04/09/22,04:20 PM,05:20 PM,FALSE,TRUE,04/09/22,12:20 PM,01:20 PM,FREE,BUSY
04/10/22,01:20 PM,02:20 PM,Brewers at Cubs,Wrigley Field - Chicago,"Local TV: Marquee Sports Network ----- Local Radio: TUDN WRTO 1200- 670 The Score",04/10/22,04/10/22,04:20 PM,05:20 PM,FALSE,TRUE,04/10/22,12:20 PM,01:20 PM,FREE,BUSY
04/18/22,06:40 PM,07:40 PM,Rays at Cubs,Wrigley Field - Chicago,"Local TV: Marquee Sports Network ----- Local Radio: TUDN WRTO 1200- 670 The Score",04/18/22,04/18/22,09:40 PM,10:40 PM,FALSE,TRUE,04/18/22,05:40 PM,06:40 PM,FREE,BUSY
04/19/22,06:40 PM,07:40 PM,Rays at Cubs,Wrigley Field - Chicago,"Local TV: Marquee Sports Network ----- Local Radio: TUDN WRTO 1200- 670 The Score",04/19/22,04/19/22,09:40 PM,10:40 PM,FALSE,TRUE,04/19/22,05:40 PM,06:40 PM,FREE,BUSY
04/20/22,05:30 PM,06:30 PM,Rays at Cubs,Wrigley Field - Chicago,"Local TV: Marquee Sports Network ----- Local Radio: TUDN WRTO 1200- 670 The Score",04/20/22,04/20/22,08:30 PM,09:30 PM,FALSE,TRUE,04/20/22,04:30 PM,05:30 PM,FREE,BUSY
04/21/22,06:40 PM,07:40 PM,Pirates at Cubs,Wrigley Field - Chicago,"Local TV: Marquee Sports Network- MLBN (out-of-market only) ----- Local Radio: TUDN WRTO 1200- 670 The Score",04/21/22,04/21/22,09:40 PM,10:40 PM,FALSE,TRUE,04/21/22,05:40 PM,06:40 PM,FREE,BUSY
04/22/22,07:05 PM,08:05 PM,Pirates at Cubs,Wrigley Field - Chicago,"Local TV: Marquee Sports Network- MLBN (out-of-market only) ----- Local Radio: 670 The Score- TUDN WRTO 1200",04/22/22,04/22/22,10:05 PM,11:05 PM,FALSE,TRUE,04/22/22,06:05 PM,07:05 PM,FREE,BUSY
04/23/22,01:20 PM,02:20 PM,Pirates at Cubs,Wrigley Field - Chicago,"Local TV: Marquee Sports Network ----- Local Radio: TUDN WRTO 1200- 670 The Score",04/23/22,04/23/22,04:20 PM,05:20 PM,FALSE,TRUE,04/23/22,12:20 PM,01:20 PM,FREE,BUSY
04/24/22,01:20 PM,02:20 PM,Pirates at Cubs,Wrigley Field - Chicago,"Local TV: Marquee Sports Network ----- Local Radio: TUDN WRTO 1200- 670 The Score",04/24/22,04/24/22,04:20 PM,05:20 PM,FALSE,TRUE,04/24/22,12:20 PM,01:20 PM,FREE,BUSY
05/03/22,06:40 PM,07:40 PM,White Sox at Cubs,Wrigley Field - Chicago,"Local TV: Marquee Sports Network ----- Local Radio: TUDN WRTO 1200- 670 The Score",05/03/22,05/03/22,09:40 PM,10:40 PM,FALSE,TRUE,05/03/22,05:40 PM,06:40 PM,FREE,BUSY
05/04/22,06:40 PM,07:40 PM,White Sox at Cubs,Wrigley Field - Chicago,"Local TV: Marquee Sports Network ----- Local Radio: TUDN WRTO 1200- 670 The Score",05/04/22,05/04/22,09:40 PM,10:40 PM,FALSE,TRUE,05/04/22,05:40 PM,06:40 PM,FREE,BUSY
05/07/22,12:05 PM,01:05 PM,Dodgers at Cubs,Wrigley Field - Chicago,"Local TV: Marquee Sports Network- MLBN (out-of-market only) ----- Local Radio: TUDN WRTO 1200- 670 The Score",05/07/22,05/07/22,03:05 PM,04:05 PM,FALSE,TRUE,05/07/22,11:05 AM,12:05 PM,FREE,BUSY
05/07/22,06:40 PM,07:40 PM,Dodgers at Cubs,Wrigley Field - Chicago,"Local TV: MLBN (out-of-market only)- Marquee Sports Network ----- Local Radio: TUDN WRTO 1200- 670 The Score",05/07/22,05/07/22,09:40 PM,10:40 PM,FALSE,TRUE,05/07/22,05:40 PM,06:40 PM,FREE,BUSY
05/08/22,06:08 PM,07:08 PM,Dodgers at Cubs,Wrigley Field - Chicago,"Local TV: ESPN ----- Local Radio: TUDN WRTO 1200- 670 The Score",05/08/22,05/08/22,09:08 PM,10:08 PM,FALSE,TRUE,05/08/22,05:08 PM,06:08 PM,FREE,BUSY
05/16/22,06:40 PM,07:40 PM,Pirates at Cubs,Wrigley Field - Chicago,"Local TV: Marquee Sports Network ----- Local Radio: TUDN WRTO 1200- 670 The Score",05/16/22,05/16/22,09:40 PM,10:40 PM,FALSE,TRUE,05/16/22,05:40 PM,06:40 PM,FREE,BUSY
05/17/22,06:40 PM,07:40 PM,Pirates at Cubs,Wrigley Field - Chicago,"Local TV: Marquee Sports Network ----- Local Radio: TUDN WRTO 1200- 670 The Score",05/17/22,05/17/22,09:40 PM,10:40 PM,FALSE,TRUE,05/17/22,05:40 PM,06:40 PM,FREE,BUSY
05/18/22,06:40 PM,07:40 PM,Pirates at Cubs,Wrigley Field - Chicago,"Local TV: YouTube ----- Local Radio: TUDN WRTO 1200- 670 The Score",05/18/22,05/18/22,09:40 PM,10:40 PM,FALSE,TRUE,05/18/22,05:40 PM,06:40 PM,FREE,BUSY
05/19/22,06:40 PM,07:40 PM,D-backs at Cubs,Wrigley Field - Chicago,"Local TV: Marquee Sports Network ----- Local Radio: TUDN WRTO 1200- 670 The Score",05/19/22,05/19/22,09:40 PM,10:40 PM,FALSE,TRUE,05/19/22,05:40 PM,06:40 PM,FREE,BUSY
05/20/22,01:20 PM,02:20 PM,D-backs at Cubs,Wrigley Field - Chicago,"Local TV: Marquee Sports Network- MLBN (out-of-market only) ----- Local Radio: TUDN WRTO 1200- 670 The Score",05/20/22,05/20/22,04:20 PM,05:20 PM,FALSE,TRUE,05/20/22,12:20 PM,01:20 PM,FREE,BUSY
05/21/22,01:20 PM,02:20 PM,D-backs at Cubs,Wrigley Field - Chicago,"Local TV: Marquee Sports Network ----- Local Radio: TUDN WRTO 1200- 670 The Score",05/21/22,05/21/22,04:20 PM,05:20 PM,FALSE,TRUE,05/21/22,12:20 PM,01:20 PM,FREE,BUSY
05/22/22,01:20 PM,02:20 PM,D-backs at Cubs,Wrigley Field - Chicago,"Local TV: Marquee Sports Network ----- Local Radio: TUDN WRTO 1200- 670 The Score",05/22/22,05/22/22,04:20 PM,05:20 PM,FALSE,TRUE,05/22/22,12:20 PM,01:20 PM,FREE,BUSY
05/30/22,12:05 PM,01:05 PM,Brewers at Cubs,Wrigley Field - Chicago,"Local TV: MLBN (out-of-market only)- Marquee Sports Network ----- Local Radio: TUDN WRTO 1200- 670 The Score",05/30/22,05/30/22,03:05 PM,04:05 PM,FALSE,TRUE,05/30/22,11:05 AM,12:05 PM,FREE,BUSY
05/30/22,06:40 PM,07:40 PM,Brewers at Cubs,Wrigley Field - Chicago,"Local TV: Marquee Sports Network- MLBN ----- Local Radio: 670 The Score- TUDN WRTO 1200",05/30/22,05/30/22,09:40 PM,10:40 PM,FALSE,TRUE,05/30/22,05:40 PM,06:40 PM,FREE,BUSY
05/31/22,07:05 PM,08:05 PM,Brewers at Cubs,Wrigley Field - Chicago,"Local TV: Marquee Sports Network ----- Local Radio: TUDN WRTO 1200- 670 The Score",05/31/22,05/31/22,10:05 PM,11:05 PM,FALSE,TRUE,05/31/22,06:05 PM,07:05 PM,FREE,BUSY
06/01/22,07:05 PM,08:05 PM,Brewers at Cubs,Wrigley Field - Chicago,"Local TV: Marquee Sports Network ----- Local Radio: TUDN WRTO 1200- 670 The Score",06/01/22,06/01/22,10:05 PM,11:05 PM,FALSE,TRUE,06/01/22,06:05 PM,07:05 PM,FREE,BUSY
06/02/22,07:05 PM,08:05 PM,Cardinals at Cubs,Wrigley Field - Chicago,"Local TV: Marquee Sports Network ----- Local Radio: TUDN WRTO 1200- 670 The Score",06/02/22,06/02/22,10:05 PM,11:05 PM,FALSE,TRUE,06/02/22,06:05 PM,07:05 PM,FREE,BUSY
06/03/22,01:20 PM,02:20 PM,Cardinals at Cubs,Wrigley Field - Chicago,"Local TV: Marquee Sports Network- MLBN (out-of-market only) ----- Local Radio: TUDN WRTO 1200- 670 The Score",06/03/22,06/03/22,04:20 PM,05:20 PM,FALSE,TRUE,06/03/22,12:20 PM,01:20 PM,FREE,BUSY
06/04/22,12:20 PM,01:20 PM,Cardinals at Cubs,Wrigley Field - Chicago,"Local TV: Marquee Sports Network- MLBN (out-of-market only) ----- Local Radio: TUDN WRTO 1200- 670 The Score",06/04/22,06/04/22,03:20 PM,04:20 PM,FALSE,TRUE,06/04/22,11:20 AM,12:20 PM,FREE,BUSY
06/04/22,06:15 PM,07:15 PM,Cardinals at Cubs,Wrigley Field - Chicago,"Local TV: FOX ----- Local Radio: TUDN WRTO 1200- 670 The Score",06/04/22,06/04/22,09:15 PM,10:15 PM,FALSE,TRUE,06/04/22,05:15 PM,06:15 PM,FREE,BUSY
06/05/22,06:08 PM,07:08 PM,Cardinals at Cubs,Wrigley Field - Chicago,"Local TV: ESPN ----- Local Radio: TUDN WRTO 1200- 670 The Score",06/05/22,06/05/22,09:08 PM,10:08 PM,FALSE,TRUE,06/05/22,05:08 PM,06:08 PM,FREE,BUSY
06/13/22,07:05 PM,08:05 PM,Padres at Cubs,Wrigley Field - Chicago,"Local TV: Marquee Sports Network- MLBN (out-of-market only) ----- Local Radio: TUDN WRTO 1200- 670 The Score",06/13/22,06/13/22,10:05 PM,11:05 PM,FALSE,TRUE,06/13/22,06:05 PM,07:05 PM,FREE,BUSY
06/14/22,07:05 PM,08:05 PM,Padres at Cubs,Wrigley Field - Chicago,"Local TV: Marquee Sports Network ----- Local Radio: TUDN WRTO 1200- 670 The Score",06/14/22,06/14/22,10:05 PM,11:05 PM,FALSE,TRUE,06/14/22,06:05 PM,07:05 PM,FREE,BUSY
06/15/22,07:05 PM,08:05 PM,Padres at Cubs,Wrigley Field - Chicago,"Local TV: Marquee Sports Network ----- Local Radio: TUDN WRTO 1200- 670 The Score",06/15/22,06/15/22,10:05 PM,11:05 PM,FALSE,TRUE,06/15/22,06:05 PM,07:05 PM,FREE,BUSY
06/16/22,01:20 PM,02:20 PM,Padres at Cubs,Wrigley Field - Chicago,"Local TV: Marquee Sports Network ----- Local Radio: TUDN WRTO 1200- 670 The Score",06/16/22,06/16/22,04:20 PM,05:20 PM,FALSE,TRUE,06/16/22,12:20 PM,01:20 PM,FREE,BUSY
06/17/22,01:20 PM,02:20 PM,Braves at Cubs,Wrigley Field - Chicago,"Local TV: Marquee Sports Network ----- Local Radio: TUDN WRTO 1200- 670 The Score",06/17/22,06/17/22,04:20 PM,05:20 PM,FALSE,TRUE,06/17/22,12:20 PM,01:20 PM,FREE,BUSY
06/18/22,01:20 PM,02:20 PM,Braves at Cubs,Wrigley Field - Chicago,"Local TV: Marquee Sports Network ----- Local Radio: TUDN WRTO 1200- 670 The Score",06/18/22,06/18/22,04:20 PM,05:20 PM,FALSE,TRUE,06/18/22,12:20 PM,01:20 PM,FREE,BUSY
06/19/22,01:20 PM,02:20 PM,Braves at Cubs,Wrigley Field - Chicago,"Local TV: Marquee Sports Network ----- Local Radio: TUDN WRTO 1200- 670 The Score",06/19/22,06/19/22,04:20 PM,05:20 PM,FALSE,TRUE,06/19/22,12:20 PM,01:20 PM,FREE,BUSY
06/28/22,07:05 PM,08:05 PM,Reds at Cubs,Wrigley Field - Chicago,"Local TV: Marquee Sports Network ----- Local Radio: TUDN WRTO 1200- 670 The Score",06/28/22,06/28/22,10:05 PM,11:05 PM,FALSE,TRUE,06/28/22,06:05 PM,07:05 PM,FREE,BUSY
06/29/22,07:05 PM,08:05 PM,Reds at Cubs,Wrigley Field - Chicago,"Local TV: Marquee Sports Network ----- Local Radio: TUDN WRTO 1200- 670 The Score",06/29/22,06/29/22,10:05 PM,11:05 PM,FALSE,TRUE,06/29/22,06:05 PM,07:05 PM,FREE,BUSY
06/30/22,07:05 PM,08:05 PM,Reds at Cubs,Wrigley Field - Chicago,"Local TV: Marquee Sports Network ----- Local Radio: TUDN WRTO 1200- 670 The Score",06/30/22,06/30/22,10:05 PM,11:05 PM,FALSE,TRUE,06/30/22,06:05 PM,07:05 PM,FREE,BUSY
07/01/22,01:20 PM,02:20 PM,Red Sox at Cubs,Wrigley Field - Chicago,"Local TV: Marquee Sports Network- MLBN (out-of-market only) ----- Local Radio: TUDN WRTO 1200- 670 The Score",07/01/22,07/01/22,04:20 PM,05:20 PM,FALSE,TRUE,07/01/22,12:20 PM,01:20 PM,FREE,BUSY
07/02/22,06:15 PM,07:15 PM,Red Sox at Cubs,Wrigley Field - Chicago,"Local TV: FOX ----- Local Radio: TUDN WRTO 1200- 670 The Score",07/02/22,07/02/22,09:15 PM,10:15 PM,FALSE,TRUE,07/02/22,05:15 PM,06:15 PM,FREE,BUSY
07/03/22,01:20 PM,02:20 PM,Red Sox at Cubs,Wrigley Field - Chicago,"Local TV: Marquee Sports Network ----- Local Radio: TUDN WRTO 1200- 670 The Score",07/03/22,07/03/22,04:20 PM,05:20 PM,FALSE,TRUE,07/03/22,12:20 PM,01:20 PM,FREE,BUSY
07/12/22,07:05 PM,08:05 PM,Orioles at Cubs,Wrigley Field - Chicago,"Local TV: Marquee Sports Network ----- Local Radio: TUDN WRTO 1200- 670 The Score",07/12/22,07/12/22,10:05 PM,11:05 PM,FALSE,TRUE,07/12/22,06:05 PM,07:05 PM,FREE,BUSY
07/13/22,07:05 PM,08:05 PM,Orioles at Cubs,Wrigley Field - Chicago,"Local TV: Marquee Sports Network ----- Local Radio: TUDN WRTO 1200- 670 The Score",07/13/22,07/13/22,10:05 PM,11:05 PM,FALSE,TRUE,07/13/22,06:05 PM,07:05 PM,FREE,BUSY
07/14/22,07:05 PM,08:05 PM,Mets at Cubs,Wrigley Field - Chicago,"Local TV: Marquee Sports Network ----- Local Radio: TUDN WRTO 1200- 670 The Score",07/14/22,07/14/22,10:05 PM,11:05 PM,FALSE,TRUE,07/14/22,06:05 PM,07:05 PM,FREE,BUSY
07/16/22,01:20 PM,02:20 PM,Mets at Cubs,Wrigley Field - Chicago,"Local TV: Marquee Sports Network ----- Local Radio: TUDN WRTO 1200- 670 The Score",07/16/22,07/16/22,04:20 PM,05:20 PM,FALSE,TRUE,07/16/22,12:20 PM,01:20 PM,FREE,BUSY
07/16/22,07:05 PM,08:05 PM,Mets at Cubs,Wrigley Field - Chicago,"Local TV: Marquee Sports Network- MLBN (out-of-market only) ----- Local Radio: TUDN WRTO 1200- 670 The Score",07/16/22,07/16/22,10:05 PM,11:05 PM,FALSE,TRUE,07/16/22,06:05 PM,07:05 PM,FREE,BUSY
07/17/22,01:20 PM,02:20 PM,Mets at Cubs,Wrigley Field - Chicago,"Local TV: Marquee Sports Network ----- Local Radio: TUDN WRTO 1200- 670 The Score",07/17/22,07/17/22,04:20 PM,05:20 PM,FALSE,TRUE,07/17/22,12:20 PM,01:20 PM,FREE,BUSY
07/25/22,07:05 PM,08:05 PM,Pirates at Cubs,Wrigley Field - Chicago,"Local TV: Marquee Sports Network ----- Local Radio: TUDN WRTO 1200- 670 The Score",07/25/22,07/25/22,10:05 PM,11:05 PM,FALSE,TRUE,07/25/22,06:05 PM,07:05 PM,FREE,BUSY
07/26/22,01:20 PM,02:20 PM,Pirates at Cubs,Wrigley Field - Chicago,"Local TV: Marquee Sports Network- MLBN (out-of-market only) ----- Local Radio: 670 The Score- TUDN WRTO 1200",07/26/22,07/26/22,04:20 PM,05:20 PM,FALSE,TRUE,07/26/22,12:20 PM,01:20 PM,FREE,BUSY
08/05/22,01:20 PM,02:20 PM,Marlins at Cubs,Wrigley Field - Chicago,"Local TV: Marquee Sports Network- MLBN (out-of-market only) ----- Local Radio: 670 The Score- TUDN WRTO 1200",08/05/22,08/05/22,04:20 PM,05:20 PM,FALSE,TRUE,08/05/22,12:20 PM,01:20 PM,FREE,BUSY
08/06/22,01:20 PM,02:20 PM,Marlins at Cubs,Wrigley Field - Chicago,"Local TV: Marquee Sports Network- FS1 ----- Local Radio: 670 The Score- TUDN WRTO 1200",08/06/22,08/06/22,04:20 PM,05:20 PM,FALSE,TRUE,08/06/22,12:20 PM,01:20 PM,FREE,BUSY
08/07/22,01:20 PM,02:20 PM,Marlins at Cubs,Wrigley Field - Chicago,"Local TV: Marquee Sports Network ----- Local Radio: TUDN WRTO 1200- 670 The Score",08/07/22,08/07/22,04:20 PM,05:20 PM,FALSE,TRUE,08/07/22,12:20 PM,01:20 PM,FREE,BUSY
08/08/22,07:05 PM,08:05 PM,Nationals at Cubs,Wrigley Field - Chicago,"Local TV: Marquee Sports Network ----- Local Radio: TUDN WRTO 1200- 670 The Score",08/08/22,08/08/22,10:05 PM,11:05 PM,FALSE,TRUE,08/08/22,06:05 PM,07:05 PM,FREE,BUSY
08/09/22,07:05 PM,08:05 PM,Nationals at Cubs,Wrigley Field - Chicago,"Local TV: Marquee Sports Network ----- Local Radio: TUDN WRTO 1200- 670 The Score",08/09/22,08/09/22,10:05 PM,11:05 PM,FALSE,TRUE,08/09/22,06:05 PM,07:05 PM,FREE,BUSY
08/10/22,01:20 PM,02:20 PM,Nationals at Cubs,Wrigley Field - Chicago,"Local TV: Marquee Sports Network ----- Local Radio: TUDN WRTO 1200- 670 The Score",08/10/22,08/10/22,04:20 PM,05:20 PM,FALSE,TRUE,08/10/22,12:20 PM,01:20 PM,FREE,BUSY
08/19/22,01:20 PM,02:20 PM,Brewers at Cubs,Wrigley Field - Chicago,"Local TV: Marquee Sports Network- MLBN (out-of-market only) ----- Local Radio: TUDN WRTO 1200- 670 The Score",08/19/22,08/19/22,04:20 PM,05:20 PM,FALSE,TRUE,08/19/22,12:20 PM,01:20 PM,FREE,BUSY
08/20/22,01:20 PM,02:20 PM,Brewers at Cubs,Wrigley Field - Chicago,"Local TV: Marquee Sports Network- FS1 ----- Local Radio: TUDN WRTO 1200- 670 The Score",08/20/22,08/20/22,04:20 PM,05:20 PM,FALSE,TRUE,08/20/22,12:20 PM,01:20 PM,FREE,BUSY
08/21/22,01:20 PM,02:20 PM,Brewers at Cubs,Wrigley Field - Chicago,"Local TV: Marquee Sports Network ----- Local Radio: TUDN WRTO 1200- 670 The Score",08/21/22,08/21/22,04:20 PM,05:20 PM,FALSE,TRUE,08/21/22,12:20 PM,01:20 PM,FREE,BUSY
08/22/22,07:05 PM,08:05 PM,Cardinals at Cubs,Wrigley Field - Chicago,"Local TV: Marquee Sports Network ----- Local Radio: TUDN WRTO 1200- 670 The Score",08/22/22,08/22/22,10:05 PM,11:05 PM,FALSE,TRUE,08/22/22,06:05 PM,07:05 PM,FREE,BUSY
08/23/22,01:20 PM,02:20 PM,Cardinals at Cubs,Wrigley Field - Chicago,"Local TV: Marquee Sports Network- MLBN (out-of-market only) ----- Local Radio: TUDN WRTO 1200- 670 The Score",08/23/22,08/23/22,04:20 PM,05:20 PM,FALSE,TRUE,08/23/22,12:20 PM,01:20 PM,FREE,BUSY
08/23/22,07:05 PM,08:05 PM,Cardinals at Cubs,Wrigley Field - Chicago,"Local TV: Marquee Sports Network ----- Local Radio: TUDN WRTO 1200- 670 The Score",08/23/22,08/23/22,10:05 PM,11:05 PM,FALSE,TRUE,08/23/22,06:05 PM,07:05 PM,FREE,BUSY
08/24/22,07:05 PM,08:05 PM,Cardinals at Cubs,Wrigley Field - Chicago,"Local TV: Marquee Sports Network ----- Local Radio: TUDN WRTO 1200- 670 The Score",08/24/22,08/24/22,10:05 PM,11:05 PM,FALSE,TRUE,08/24/22,06:05 PM,07:05 PM,FREE,BUSY
08/25/22,01:20 PM,02:20 PM,Cardinals at Cubs,Wrigley Field - Chicago,"Local TV: Marquee Sports Network- MLBN (out-of-market only) ----- Local Radio: TUDN WRTO 1200- 670 The Score",08/25/22,08/25/22,04:20 PM,05:20 PM,FALSE,TRUE,08/25/22,12:20 PM,01:20 PM,FREE,BUSY
09/06/22,06:40 PM,07:40 PM,Reds at Cubs,Wrigley Field - Chicago,"Local TV: Marquee Sports Network ----- Local Radio: TUDN WRTO 1200- 670 The Score",09/06/22,09/06/22,09:40 PM,10:40 PM,FALSE,TRUE,09/06/22,05:40 PM,06:40 PM,FREE,BUSY
09/07/22,06:40 PM,07:40 PM,Reds at Cubs,Wrigley Field - Chicago,"Local TV: Marquee Sports Network ----- Local Radio: TUDN WRTO 1200- 670 The Score",09/07/22,09/07/22,09:40 PM,10:40 PM,FALSE,TRUE,09/07/22,05:40 PM,06:40 PM,FREE,BUSY
09/08/22,01:20 PM,02:20 PM,Reds at Cubs,Wrigley Field - Chicago,"Local TV: YouTube ----- Local Radio: TUDN WRTO 1200- 670 The Score",09/08/22,09/08/22,04:20 PM,05:20 PM,FALSE,TRUE,09/08/22,12:20 PM,01:20 PM,FREE,BUSY
09/09/22,03:05 PM,04:05 PM,Giants at Cubs,Wrigley Field - Chicago,"Local TV: Marquee Sports Network- MLBN (out-of-market only) ----- Local Radio: TUDN WRTO 1200- 670 The Score",09/09/22,09/09/22,06:05 PM,07:05 PM,FALSE,TRUE,09/09/22,02:05 PM,03:05 PM,FREE,BUSY
09/10/22,01:20 PM,02:20 PM,Giants at Cubs,Wrigley Field - Chicago,"Local TV: Marquee Sports Network ----- Local Radio: TUDN WRTO 1200- 670 The Score",09/10/22,09/10/22,04:20 PM,05:20 PM,FALSE,TRUE,09/10/22,12:20 PM,01:20 PM,FREE,BUSY
09/11/22,07:08 PM,08:08 PM,Giants at Cubs,Wrigley Field - Chicago,"Local TV: ESPN ----- Local Radio: TUDN WRTO 1200- 670 The Score",09/11/22,09/11/22,10:08 PM,11:08 PM,FALSE,TRUE,09/11/22,06:08 PM,07:08 PM,FREE,BUSY
09/16/22,01:20 PM,02:20 PM,Rockies at Cubs,Wrigley Field - Chicago,"Local TV: Marquee Sports Network- MLBN (out-of-market only) ----- Local Radio: 670 The Score- TUDN WRTO 1200",09/16/22,09/16/22,04:20 PM,05:20 PM,FALSE,TRUE,09/16/22,12:20 PM,01:20 PM,FREE,BUSY
09/17/22,01:20 PM,02:20 PM,Rockies at Cubs,Wrigley Field - Chicago,"Local TV: Marquee Sports Network- MLBN (out-of-market only) ----- Local Radio: 670 The Score- TUDN WRTO 1200",09/17/22,09/17/22,04:20 PM,05:20 PM,FALSE,TRUE,09/17/22,12:20 PM,01:20 PM,FREE,BUSY
09/18/22,01:20 PM,02:20 PM,Rockies at Cubs,Wrigley Field - Chicago,"Local TV: Marquee Sports Network ----- Local Radio: TUDN WRTO 1200- 670 The Score",09/18/22,09/18/22,04:20 PM,05:20 PM,FALSE,TRUE,09/18/22,12:20 PM,01:20 PM,FREE,BUSY
09/27/22,06:40 PM,07:40 PM,Phillies at Cubs,Wrigley Field - Chicago,"Local TV: Marquee Sports Network ----- Local Radio: TUDN WRTO 1200- 670 The Score",09/27/22,09/27/22,09:40 PM,10:40 PM,FALSE,TRUE,09/27/22,05:40 PM,06:40 PM,FREE,BUSY
09/28/22,06:40 PM,07:40 PM,Phillies at Cubs,Wrigley Field - Chicago,"Local TV: Marquee Sports Network ----- Local Radio: TUDN WRTO 1200- 670 The Score",09/28/22,09/28/22,09:40 PM,10:40 PM,FALSE,TRUE,09/28/22,05:40 PM,06:40 PM,FREE,BUSY
09/29/22,01:20 PM,02:20 PM,Phillies at Cubs,Wrigley Field - Chicago,"Local TV: Marquee Sports Network- MLBN (out-of-market only) ----- Local Radio: TUDN WRTO 1200- 670 The Score",09/29/22,09/29/22,04:20 PM,05:20 PM,FALSE,TRUE,09/29/22,12:20 PM,01:20 PM,FREE,BUSY
09/30/22,01:20 PM,02:20 PM,Reds at Cubs,Wrigley Field - Chicago,"Local TV: Marquee Sports Network- MLBN (out-of-market only) ----- Local Radio: 670 The Score- TUDN WRTO 1200",09/30/22,09/30/22,04:20 PM,05:20 PM,FALSE,TRUE,09/30/22,12:20 PM,01:20 PM,FREE,BUSY
10/01/22,01:20 PM,02:20 PM,Reds at Cubs,Wrigley Field - Chicago,"Local TV: Marquee Sports Network- MLBN (out-of-market only) ----- Local Radio: 670 The Score- TUDN WRTO 1200",10/01/22,10/01/22,04:20 PM,05:20 PM,FALSE,TRUE,10/01/22,12:20 PM,01:20 PM,FREE,BUSY
10/02/22,01:20 PM,02:20 PM,Reds at Cubs,Wrigley Field - Chicago,"Local TV: Marquee Sports Network ----- Local Radio: TUDN WRTO 1200- 670 The Score",10/02/22,10/02/22,04:20 PM,05:20 PM,FALSE,TRUE,10/02/22,12:20 PM,01:20 PM,FREE,BUSY
02/25/23,01:05 PM,03:05 PM,Giants at Cubs,Sloan Park - Mesa,"Local TV: Marquee Sports Network ----- Local Radio: 670 The Score",02/25/23,02/25/23,04:05 PM,06:05 PM,FALSE,TRUE,02/25/23,12:05 PM,02:05 PM,FREE,BUSY
02/27/23,01:05 PM,03:05 PM,Indians at Cubs,Sloan Park - Mesa,"Local TV: Marquee Sports Network",02/27/23,02/27/23,04:05 PM,06:05 PM,FALSE,TRUE,02/27/23,12:05 PM,02:05 PM,FREE,BUSY
03/01/23,01:05 PM,03:05 PM,Mariners at Cubs,Sloan Park - Mesa,"Local TV: Marquee Sports Network",03/01/23,03/01/23,04:05 PM,06:05 PM,FALSE,TRUE,03/01/23,12:05 PM,02:05 PM,FREE,BUSY
03/02/23,01:05 PM,03:05 PM,Athletics at Cubs,Sloan Park - Mesa,"Local TV: Marquee Sports Network",03/02/23,03/02/23,04:05 PM,06:05 PM,FALSE,TRUE,03/02/23,12:05 PM,02:05 PM,FREE,BUSY
03/04/23,01:05 PM,03:05 PM,Angels at Cubs,Sloan Park - Mesa,"Local TV: Marquee Sports Network",03/04/23,03/04/23,04:05 PM,06:05 PM,FALSE,TRUE,03/04/23,12:05 PM,02:05 PM,FREE,BUSY
